Clients,Throughput_ops,Median_Latency_us
2,16979.390747343437,76.34
5,22669.499793703784,89.071
10,32443.302483511387,82.2025
20,18013.92108439204,90.8605
50,41219.97868513366,84.94200000000001
100,51326.35479271913,82.82900000000001
150,107341.26797010154,92.139
200,71368.4637727929,96.1185
250,218525.35219059602,88.0195
300,278205.7084003386,81.7805
