Clients,Throughput_ops,Median_Latency_us
2,7.138985890611006,84.137
5,11.445528464664612,219.132
10,11459.04479593252,81.808
20,29841.540008314747,92.27699999999999
50,21596.309179851476,79.899
100,91107.6402648852,84.17
150,166688.68802941166,88.6055
200,121148.68383380387,80.2405
250,136319.66259846254,86.687
300,303111.5971406149,82.67699999999999
