Clients,Throughput_ops,Median_Latency_us
2,1992.6229305603297,1026.067
5,6870.491387797858,646.208
10,14112.175641876696,698.617
20,27409.667748910997,736.6700000000001
50,44048.70673555834,908.7935
100,12295.711110758604,1753.9115000000002
150,49431.79895979986,2143.7780000000002
200,9673.283912936826,2557.9205
250,4137.526887524641,2484.255
300,27091.217724741622,2228.245
