Clients,Throughput_ops,Median_Latency_us
300,39586.2727441799,7502.334000000001
