Clients,Throughput_ops,Median_Latency_us
2,19442.724057168754,96.26249999999999
5,23838.693230443012,168.151
10,19989.440235289334,338.7005
20,15859.984068422102,683.979
50,25592.390441193525,1933.0749999999998
100,21485.053690466404,3591.06
150,12714.344723522476,5412.494000000001
1,8015.252062845347,118.248
