Clients,Throughput_ops,Median_Latency_us
2,6306.745874864859,80.57900000000001
5,7434.265148431538,161.632
10,31.139630426172147,101.1375
20,31.181046943626708,93.18100000000001
50,14619.582757392136,141.483
