Clients,Throughput_ops,Median_Latency_us
2,31867.781749770824,50.5225
5,38543.18682509207,113.89
10,39974.55585812439,206.5575
20,41305.60793223526,413.382
50,82283.15028456891,661.5955
100,63920.69985170797,1753.149
150,67150.69369046012,3105.193
200,81152.6221854144,3940.1985
250,75497.25587217003,5399.496
300,42739.638847174996,7959.1415
