Clients,Throughput_ops,Median_Latency_us
2,20747.573586541388,82.374
5,28384.669777277646,152.299
10,28857.11506262196,332.4985
20,28364.21005486946,681.4635000000001
50,30849.310350952248,1527.5205
100,33394.21502862969,2895.6189999999997
150,33860.63528964287,4450.908
