Clients,Throughput_ops,Median_Latency_us
2,33337.86591600132,78.09649999999999
5,38685.05461461877,154.338
10,38451.196643883864,344.36699999999996
20,36704.275796291226,722.0145
50,36081.615199710064,1574.115
100,47172.90875050285,2796.6045
150,43487.80965582589,4585.3175
