Clients,Throughput_ops,Median_Latency_us
2,6746.885522529166,84.225
5,11020.147564089868,205.283
10,23755.227283399727,247.941
20,28432.433358190057,268.245
50,23847.880471713546,285.173
100,72364.3658244017,553.4295
150,146381.93174711874,845.6510000000001
200,91538.52355560497,960.5655
250,67224.78164340914,1045.266
300,108403.6609434392,932.2080000000001
