Clients,Throughput_ops,Median_Latency_us
2,22506.443214019768,77.839
5,30846.55760292905,133.584
10,25321.778997848865,381.878
20,26436.906258985953,734.79
50,30039.456029433706,1573.926
100,32732.477917593453,2953.284
150,33445.14420357059,4514.403
