Clients,Throughput_ops,Median_Latency_us
2,12933.221989122803,127.9025
5,27329.626842701928,145.167
10,30079.835162552205,277.884
20,28587.14575022275,586.748
50,20556.434570177677,1818.9389999999999
100,27379.212474574848,3133.7315
150,32245.73552486854,4429.264
200,18171.385561221057,7140.2835
250,30913.874007237715,7827.220499999999
300,26166.013497793632,11588.193
