Clients,Throughput_ops,Median_Latency_us
2,12238.05940029386,72.07849999999999
5,10880.810419579324,84.187
10,27397.35087058109,88.201
20,31441.8278330828,79.384
50,38782.538898262705,94.777
100,68926.95471889518,86.84100000000001
150,22118.95750007458,87.86099999999999
200,176964.7542866899,80.9365
