Clients,Throughput_ops,Median_Latency_us
20,14237.814032059089485,154.89249999999998
