Clients,Throughput_ops,Median_Latency_us
2,1862.3158618978962,92.5215
5,24225.52176743766,93.979
10,23724.7319501747,118.113
20,20985.782570896838,654.3565
50,29915.482892679593,1372.0439999999999
100,44396.876658282017,2738.2425000000003
150,48809.47159315799,4474.6345
