Clients,Throughput_ops,Median_Latency_us
2,292.6179144201905,95.364
5,18150.251908386286,93.737
10,19433.067710192357,184.86849999999998
20,27843.599286180714,667.229
50,52799.38040513177,999.6279999999999
100,51367.8711255942,853.43599999999998
150,37479.83790624805,530.9815
