Clients,Throughput_ops,Median_Latency_us
2,9332.00172297143,97.32050000000001
5,26873.06384565845,163.375
10,24048.240098449554,426.414
20,153711.37738357583,107.372
50,378433.7649540777,114.52799999999999
100,162712.518598676,627.663
150,49324.97213336395,185.4255
