Clients,Throughput_ops,Median_Latency_us
2,7400.2816281112455,154.77
5,83.69646136560833,641.416
10,6039.897559954934,266.1035
20,13720.409326267703,1035.0945000000002
50,16330.089841658548,1065.971
100,17651.04778411099,987.246
150,10302.411016430931,928.6525
200,14305.049159465167,1001.1990000000001
250,14291.295310687781,1007.3475000000001
